{
  "beaker_head_example_cpu": {
    "runs": 3,
    "load_time": {
      "mean": 39.992333333333335,
      "median": 22.667,
      "min": 21.572,
      "max": 75.738,
      "stdev": 30.96149657773883
    },
    "inference_time": {
      "mean": 57.237,
      "median": 60.72,
      "min": 46.203,
      "max": 64.788,
      "stdev": 9.769801584474473
    },
    "total_time": {
      "mean": 135.90192794799805,
      "median": 123.5499382019043,
      "min": 101.17292404174805,
      "max": 182.9829216003418,
      "stdev": 42.28058257817627
    }
  },
  "beaker_head_example_coreml": {
    "runs": 3,
    "load_time": {
      "mean": 156.25966666666667,
      "median": 126.345,
      "min": 123.685,
      "max": 218.749,
      "stdev": 54.13369085267818
    },
    "inference_time": {
      "mean": 25.263666666666666,
      "median": 26.172,
      "min": 19.304,
      "max": 30.315,
      "stdev": 5.56141459822349
    },
    "total_time": {
      "mean": 225.97265243530273,
      "median": 199.93972778320312,
      "min": 186.00916862487793,
      "max": 291.96906089782715,
      "stdev": 57.5774223726642
    }
  },
  "beaker_cutout_example_cpu": {
    "runs": 3,
    "load_time": {
      "mean": 117.116,
      "median": 125.265,
      "min": 100.246,
      "max": 125.837,
      "stdev": 14.612647638261867
    },
    "inference_time": {
      "mean": 1686.5,
      "median": 1468.9,
      "min": 1424.9,
      "max": 2165.7,
      "stdev": 415.5820977857442
    },
    "total_time": {
      "mean": 2199.549992879232,
      "median": 1990.9679889678955,
      "min": 1970.0877666473389,
      "max": 2637.594223022461,
      "stdev": 379.5010627025565
    }
  },
  "beaker_cutout_example_coreml": {
    "runs": 3,
    "load_time": {
      "mean": 540.248,
      "median": 555.847,
      "min": 476.13,
      "max": 588.767,
      "stdev": 57.916060320087404
    },
    "inference_time": {
      "mean": 690.9666666666667,
      "median": 696.7,
      "min": 666.6,
      "max": 709.6,
      "stdev": 22.065886189621605
    },
    "total_time": {
      "mean": 1753.8072268168132,
      "median": 1763.9598846435547,
      "min": 1623.3997344970703,
      "max": 1874.0620613098145,
      "stdev": 125.6391971739111
    }
  },
  "rembg_example": {
    "runs": 3,
    "load_time": {
      "mean": 0.0,
      "median": 0.0,
      "min": 0.0,
      "max": 0.0,
      "stdev": 0.0
    },
    "inference_time": {
      "mean": 3651.2463887532554,
      "median": 3710.8380794525146,
      "min": 3529.642105102539,
      "max": 3713.258981704712,
      "stdev": 105.3193550283211
    },
    "total_time": {
      "mean": 3651.2463887532554,
      "median": 3710.8380794525146,
      "min": 3529.642105102539,
      "max": 3713.258981704712,
      "stdev": 105.3193550283211
    }
  },
  "beaker_head_example-2-birds_cpu": {
    "runs": 3,
    "load_time": {
      "mean": 38.839333333333336,
      "median": 24.055,
      "min": 22.349,
      "max": 70.114,
      "stdev": 27.098084624809434
    },
    "inference_time": {
      "mean": 44.447,
      "median": 42.875,
      "min": 40.016,
      "max": 50.45,
      "stdev": 5.391704461485257
    },
    "total_time": {
      "mean": 128.17891438802084,
      "median": 105.79895973205566,
      "min": 104.74276542663574,
      "max": 173.9950180053711,
      "stdev": 39.68142386066221
    }
  },
  "beaker_head_example-2-birds_coreml": {
    "runs": 3,
    "load_time": {
      "mean": 161.43966666666668,
      "median": 144.866,
      "min": 128.836,
      "max": 210.617,
      "stdev": 43.33644898158284
    },
    "inference_time": {
      "mean": 37.957,
      "median": 20.483,
      "min": 18.107,
      "max": 75.281,
      "stdev": 32.345356328227396
    },
    "total_time": {
      "mean": 252.16428438822427,
      "median": 277.62699127197266,
      "min": 195.5118179321289,
      "max": 283.3540439605713,
      "stdev": 49.14596880511926
    }
  },
  "beaker_cutout_example-2-birds_cpu": {
    "runs": 3,
    "load_time": {
      "mean": 88.71133333333333,
      "median": 88.286,
      "min": 81.645,
      "max": 96.203,
      "stdev": 7.288314094036657
    },
    "inference_time": {
      "mean": 1441.0666666666666,
      "median": 1438.4,
      "min": 1417.1,
      "max": 1467.7,
      "stdev": 25.405183198184904
    },
    "total_time": {
      "mean": 1916.4111614227295,
      "median": 1902.7702808380127,
      "min": 1892.6410675048828,
      "max": 1953.822135925293,
      "stdev": 32.7923161824627
    }
  },
  "beaker_cutout_example-2-birds_coreml": {
    "runs": 3,
    "load_time": {
      "mean": 500.723,
      "median": 493.903,
      "min": 473.671,
      "max": 534.595,
      "stdev": 31.02930460065132
    },
    "inference_time": {
      "mean": 651.3333333333334,
      "median": 633.5,
      "min": 583.6,
      "max": 736.9,
      "stdev": 78.19042993444485
    },
    "total_time": {
      "mean": 1654.323657353719,
      "median": 1616.7848110198975,
      "min": 1581.827163696289,
      "max": 1764.3589973449707,
      "stdev": 96.88313223592228
    }
  },
  "rembg_example-2-birds": {
    "runs": 3,
    "load_time": {
      "mean": 0.0,
      "median": 0.0,
      "min": 0.0,
      "max": 0.0,
      "stdev": 0.0
    },
    "inference_time": {
      "mean": 3539.8940245310464,
      "median": 3545.912027359009,
      "min": 3504.2519569396973,
      "max": 3569.5180892944336,
      "stdev": 33.046622772448494
    },
    "total_time": {
      "mean": 3539.8940245310464,
      "median": 3545.912027359009,
      "min": 3504.2519569396973,
      "max": 3569.5180892944336,
      "stdev": 33.046622772448494
    }
  },
  "beaker_head_batch_example_cpu": {
    "runs": 3,
    "load_time": {
      "mean": 22.743333333333336,
      "median": 21.097,
      "min": 21.094,
      "max": 26.039,
      "stdev": 2.85413144990439
    },
    "inference_time": {
      "mean": 39.044666666666664,
      "median": 35.932,
      "min": 35.606,
      "max": 45.596,
      "stdev": 5.67596206235853
    },
    "total_time": {
      "mean": 629.5646826426188,
      "median": 623.3980655670166,
      "min": 617.1360015869141,
      "max": 648.1599807739258,
      "stdev": 16.40555380859987
    }
  },
  "beaker_head_batch_example_coreml": {
    "runs": 3,
    "load_time": {
      "mean": 152.30599999999998,
      "median": 127.156,
      "min": 125.318,
      "max": 204.444,
      "stdev": 45.16218378245232
    },
    "inference_time": {
      "mean": 15.500666666666667,
      "median": 15.316,
      "min": 14.518,
      "max": 16.668,
      "stdev": 1.0868308669398987
    },
    "total_time": {
      "mean": 533.8637034098307,
      "median": 513.5500431060791,
      "min": 509.13095474243164,
      "max": 578.9101123809814,
      "stdev": 39.073857070790396
    }
  },
  "beaker_cutout_batch_example_cpu": {
    "runs": 3,
    "load_time": {
      "mean": 88.715,
      "median": 86.047,
      "min": 82.774,
      "max": 97.324,
      "stdev": 7.633105069367248
    },
    "inference_time": {
      "mean": 14911.566666666668,
      "median": 15276.0,
      "min": 14001.6,
      "max": 15457.1,
      "stdev": 793.239436320039
    },
    "total_time": {
      "mean": 15395.575046539307,
      "median": 15756.8359375,
      "min": 14458.080053329468,
      "max": 15971.809148788452,
      "stdev": 818.9786426476909
    }
  },
  "beaker_cutout_batch_example_coreml": {
    "runs": 3,
    "load_time": {
      "mean": 540.0029999999999,
      "median": 488.418,
      "min": 453.513,
      "max": 678.078,
      "stdev": 120.84336545710732
    },
    "inference_time": {
      "mean": 4862.566666666667,
      "median": 4849.1,
      "min": 4735.8,
      "max": 5002.8,
      "stdev": 134.00844500751933
    },
    "total_time": {
      "mean": 5897.497256596883,
      "median": 5943.842887878418,
      "min": 5769.474983215332,
      "max": 5979.173898696899,
      "stdev": 112.26908275522416
    }
  },
  "rembg_batch_example": {
    "runs": 3,